X,RIL,Block,plot,X9,X10,X11,X12,X13,X15,X16
1,RIL51,1,1,0.031910946,0.023191095,0.127087199,1,0.036363636,0.000185529,0.000185529
2,RIL198,1,103,0.008421053,0.018421053,1,0.549473684,0.007894737,0.002631579,0.001578947
3,RIL157,1,104,0.001585624,0.003171247,1,0.89244186,0.127906977,0.010042283,0.005021142
4,RIL8,1,106,0.098731884,0.419384058,1,0.734148551,0.966938406,0.09692029,0.019474638
5,RIL94,1,107,0.073116883,0.257272727,1,0.474025974,0.365714286,0.035584416,0.017792208
6,RIL52,1,108,0.003963339,0.019073569,0.607877136,0.783502601,1,0.030715878,0.006192717
7,RIL204,1,109,0.003417343,0.018795387,1,0.24348569,0.044852627,0.009824861,0.005126015
8,RIL68,1,11,0.020463847,0.022851296,0.335607094,1,0.035811733,0.001023192,0.000682128
9,RIL71,1,110,0.034068912,0.302748742,1,0.116531165,0.037166086,0.057684863,0.029036005
10,RIL87,1,111,0.156989496,0.24875909,1,0.119242757,0.049405518,0.001385201,0.0003463
11,RIL69,1,113,0.507565217,0.651565217,1,0.517391304,0.241478261,0.062173913,0.031130435
12,RIL82,1,115,0.190651261,0.612570028,1,0.506390056,0.104429272,0.053921569,0.026960784
13,RIL2,1,116,0.024691358,0.230639731,1,0.765993266,0.345679012,0.331088664,0.165544332
14,RIL73,1,117,0.670168067,1,0.800420168,0.575630252,0.151260504,0.099789916,0.049894958
15,RIL154,1,118,0.286182336,0.438461538,1,0.19985755,0.212250712,0.144301994,0.028917379
16,RIL1,1,119,0.042071197,0.862135922,0.997411003,1,0.038187702,0.02394822,0.012297735
17,RIL49,1,12,0.000628338,0.002199183,1,0.82139491,0.58042727,0.016179705,0.008168395
18,RIL217,1,121,0.002028398,0.042934415,1,0.300878972,0.04428668,0,0
19,RIL196,1,122,0,0.00726093,1,0.775220145,0.662907462,0.105360729,0.052680365
20,RIL205,1,123,0.080270068,0.069017254,0.222305576,1,0.263815954,0,0
21,RIL34,1,124,0,0.000959079,0.380434783,1,0.059462916,0.000639386,0.000319693
22,RIL229,1,125,0.154808227,0.328793774,1,0.730405781,0.029460812,0,0
23,RIL42,1,126,0,0.010313216,0.93697479,1,0.375859435,0.001909855,0.000381971
24,RIL6,1,127,0.002383475,0.003707627,1,0.939618644,0.115466102,0,0
25,RIL116,1,128,0,0.004267425,0.786628734,1,0.958748222,0.025604552,0.012802276
26,RIL20,1,129,0.000585138,0.01217086,1,0.743241662,0.332826214,0.001287303,0.000351083
27,RIL80,1,13,0.055996657,0.520267447,1,0.648976181,0.298579189,0.067488508,0.033848725
28,RIL110,1,130,0,0.004139562,0.374630396,1,0.152868125,0.107037256,0.053518628
29,RIL147,1,131,0.251008742,0.615332885,0.539677202,1,0.323638198,0.045057162,0.013618023
30,RIL37,1,132,0,0.000495786,0.709634771,1,0.539910759,0.056023798,0.02809453
31,RIL16,1,133,0.065039643,0.094400396,0.556615461,1,0.510158573,0.018830525,0.005698712
32,RIL191,1,135,0.120307692,0.275230769,1,0.672923077,0.226615385,0.043230769,0.008769231
33,RIL30,1,136,0,0.001488649,0.175660588,0.839225902,1,0.262002233,0.052474879
34,RIL120,1,137,0.053660755,0.119145066,0.170077308,1,0.130059118,0.081400637,0.024556617
35,RIL4,1,138,0.083808438,0.404789054,1,0.425313569,0.112884835,0.012542759,0.00627138
36,RIL28,1,139,0.718309859,0.922535211,1,0.816901408,0.330985915,0.098591549,0.035211268
37,RIL81,1,14,0.033318325,0.169180549,1,0.398694282,0.269923458,0.052904097,0.015871229
38,RIL158,1,140,0.005378045,0.048402404,1,0.474849731,0.038595381,0.017399557,0.003479911
39,RIL75,1,142,0.159851301,1,0.587360595,0.553903346,0.802973978,0.226765799,0.115241636
40,RIL25,1,143,0.011431184,0.009602195,0.034293553,1,0.778235025,0.000914495,0.000457247
41,RIL22,1,144,0.000719683,0.106513134,1,0.591219863,0.141417776,0.035264484,0.007196833
42,RIL234,1,145,0.026938618,0.113334616,0.993072927,1,0.024822013,0.000577256,0.000384837
43,RIL141,1,146,0,0.03057905,1,0.688353936,0.040338321,0.003903709,0.001951854
44,RIL118,1,147,0.007334491,0.020266358,1,0.222929936,0.038602586,0.007527504,0.003860259
45,RIL50,1,148,0.002928258,0.200878477,1,0.712591508,0.530893119,0.283894583,0.142020498
46,RIL194,1,149,0.047557656,0.213579716,0.689442773,1,0.277610657,0.033806045,0.016903022
47,RIL175,1,150,0,0.00103484,1,0.897895826,0.904794757,0.203863401,0.061400483
48,RIL212,1,151,0.000522557,0.013586483,0.048597805,0.993903501,1,0.006967427,0.002090228
49,RIL156,1,152,0.005797101,0.008695652,1,0.668599034,0.442512077,0.942028986,0.188405797
50,RIL222,1,153,0.063128492,1,0.681005587,0.789385475,0.059776536,0.180446927,0.090502793
51,RIL220,1,154,0.015915119,0.057029178,0.401856764,0.446949602,1,0.958885942,0.287798408
52,RIL117,1,156,0.022473997,0.124814264,1,0.744985141,0.21563893,0.335624071,0.167904903
53,RIL98,1,157,0.019213974,0.015283843,0.551965066,1,0.046069869,0.013973799,0.002838428
54,RIL67,1,158,0,0.025101215,0.686369771,1,0.302024291,0.113900135,0.034278003
55,RIL24,1,159,0.082292039,0.262227776,0.772224206,1,0.040878258,0.015173152,0.00767583
56,RIL223,1,16,0.001148106,0.003444317,1,0.991963261,0.535017222,0.081515499,0.017221584
57,RIL201,1,160,0.006794317,0.10994441,1,0.320568252,0.078443484,0.150710315,0.045707227
58,RIL27,1,161,0.147945205,1,0.165296804,0.223744292,0.120547945,0.016438356,0.008219178
59,RIL109,1,162,0.015646259,0.159863946,0.097959184,1,0.488435374,0.082312925,0.017006803
60,RIL150,1,163,0.034272437,0.117629974,0.515829219,1,0.165262852,0,0
61,RIL168,1,164,0.000123001,0.002091021,0.606888069,1,0.277367774,0.094710947,0.047355474
62,RIL171,1,165,0.186335404,0.204968944,1,0.869565217,0.714285714,0.136645963,0.031055901
63,RIL47,1,166,0.001693639,0.017877305,0.950884456,1,0.709258562,0.300715092,0.150357546
64,RIL165,1,167,0.184339663,0.08022189,0.269895456,1,0.114145509,0.025176019,0.007680819
65,RIL179,1,168,0.00660793,0.022026432,1,0.232011747,0.049926579,0.157856094,0.079295154
66,RIL176,1,169,0.675349522,0.496541575,1,0.59352465,0.702281089,0.036203091,0.018101545
67,RIL86,1,17,0.025819382,0.272695119,1,0.364418769,0.076750766,0.032657392,0.016387644
68,RIL83,1,170,0.00080429,0.001876676,0.899731903,1,0.878820375,0.061394102,0.030831099
69,RIL89,1,171,0.027747552,0.39445049,1,0.193960827,0.079434168,0.004896627,0.001088139
70,RIL149,1,172,0.007917656,0.012140406,1,0.679070995,0.461599367,0.201372394,0.06043811
71,RIL238,1,173,0.120448179,0.030812325,0.717553688,1,0.109710551,0.003267974,0.001867414
72,RIL216,1,174,0.00088476,0.00066357,1,0.388188454,0.00729927,0.00243309,0.00066357
73,RIL32,1,175,0.029224905,0.289707751,1,0.944091487,0.033672173,0,0
74,RIL113,1,176,0.00458059,0.166618952,1,0.528485543,0.373031778,0.130833095,0.065559691
75,RIL55,1,178,0.125753661,0.172265289,0.856158484,1,0.012489233,0.1416882,0.028423773
76,RIL137,1,179,0.008741923,0.003420753,0.926263778,1,0.130748765,0,0
77,RIL132,1,18,0.001422475,0.001422475,0.217638691,0.119487909,0.499288762,1,0.300142248
78,RIL62,1,180,0,0.005245214,0.888801469,1,0.125360608,0.008654603,0.004458432
79,RIL166,1,181,0.077041602,0.102003082,1,0.919876733,0.371956857,0.006163328,0.001232666
80,RIL186,1,182,0.000224871,0.069035305,1,0.566899033,0.344277041,0.007195862,0.003597931
81,RIL18,1,183,0.034044715,0.137703252,1,0.204776423,0.193597561,0.003302846,0.001778455
82,RIL160,1,184,0.000889878,0.068520578,1,0.659399333,0.229143493,0.010011123,0.003114572
83,RIL104,1,186,0.000395726,0.114166996,1,0.554214484,0.045112782,0.065690542,0.032845271
84,RIL218,1,187,0.003248191,0.019489148,0.515133619,1,0.018012697,0.000147645,0.000147645
85,RIL33,1,188,0.005816555,0.018344519,0.327516779,1,0.0098434,0.03310962,0.006711409
86,RIL105,1,189,0.188520274,0.417061611,0.433912586,1,0.05897841,0.002632965,0.000526593
87,RIL79,1,19,0.002009798,0.00477327,1,0.920864213,0.322572541,0.001130511,0.000251225
88,RIL153,1,190,0.000320718,0.148064999,0.451999145,1,0.22717554,0.043190079,0.02159504
89,RIL102,1,192,0.00011558,0.062760055,0.761326861,1,0.112806288,0.04345816,0.02172908
90,RIL128,1,193,0.131056394,0.068308181,1,0.54070691,0.4324861,0.000992851,0.00019857
91,RIL35,1,194,0,0.20931226,0.560017087,1,0.120888509,0.066424605,0.033319094
92,RIL21,1,195,0.166470172,0.042914407,1,0.778354162,0.041028059,0.001414761,0.00070738
93,RIL97,1,196,0.001649485,0.250721649,1,0.97443299,0.267216495,0.156907216,0.047216495
94,RIL78,1,197,0.565556343,0.333097094,1,0.386250886,0.10205528,0.030474841,0.015591779
95,RIL19,1,198,0.041709918,0.043502878,1,0.635462867,0.281022931,0.006039445,0.001887327
96,RIL135,1,199,0.059721083,0.07366694,1,0.407875308,0.125840853,0.01657096,0.005086136
97,RIL29,1,2,0,0.008749544,0.051768137,1,0.865111192,0.332847248,0.066715275
98,RIL70,1,200,0.017040015,0.045376221,1,0.429063756,0.096304806,0.053991959,0.016274172
99,Arm,1,201,0,0.126865672,0.21641791,0.350746269,1,0.156716418,0.037313433
100,RIL58,1,202,0.003259452,0.000217297,0.191438505,1,0.065406345,0.062364189,0.031290743
101,RIL151,1,203,0.019112338,0.184115523,1,0.392652368,0.116372903,0.010405606,0.005308983
102,RIL45,1,204,0.000489716,0.060235064,1,0.466209598,0.161116552,0.415768854,0.208129285
103,RIL159,1,207,0.00460177,0.093982301,1,0.095752212,0.001061947,0.001061947,0.000530973
104,RIL31,1,208,0,0.795309168,1,0.095948827,0.008528785,0.019189765,0.010660981
105,RIL74,1,209,0.238748803,0.502074689,1,0.255027131,0.114905841,0.030801149,0.006224066
106,RIL41,1,21,0.311918063,0.094972067,1,0.525139665,0.246741155,0.057107387,0.017380509
107,RIL211,1,210,0.000868056,0.068576389,1,0.615451389,0.128472222,0.033854167,0.016927083
108,RIL145,1,211,0.065523915,0.155100912,1,0.878352226,0.307990047,0.026817805,0.013547139
109,RIL184,1,212,0.030123722,0.158687466,0.381387843,1,0.12049489,0.216245293,0.108122647
110,RIL173,1,213,0.004423,0.061519903,0.731001206,0.615199035,1,0.002010454,0.001206273
111,RIL187,1,215,0.101542416,0.750642674,1,0.872750643,0.08033419,0.003213368,0.001928021
112,RIL115,1,217,0.018033491,0.871189352,1,0.295835122,0.005581795,0,0
113,RIL210,1,218,0.000343407,0.04635989,0.48385989,1,0.154532967,0.275068681,0.137706044
114,RIL178,1,219,0.008206812,0.026672138,1,0.205580632,0.011079196,0.001231022,0.000410341
115,RIL167,1,22,0.002301496,0.013041811,1,0.463367856,0.457997699,0.04027618,0.008055236
116,RIL140,1,220,0.007515742,0.057688401,1,0.77859029,0.031078611,0.029859842,0.009140768
117,RIL152,1,223,0.129962498,0.077330919,1,0.441096599,0.087158929,0.002198371,0.000517264
118,RIL213,1,224,0,0.000326211,0.777360953,1,0.674441364,0.006361116,0.001304844
119,RIL5,1,225,0.087372582,0.262533805,1,0.739962555,0.018514666,0.002496359,0.00083212
120,RIL180,1,226,0.008174387,0.019754768,1,0.93119891,0.042234332,0.021798365,0.004768392
121,RIL64,1,227,0.010013351,0.307076101,1,0.23164219,0,0,0
122,RIL121,1,228,0.014250614,0.621130221,1,0.338574939,0.004422604,0.161670762,0.048648649
123,RIL92,1,229,0.073284477,0.226515656,0.367088608,1,0.003997335,0.012658228,0.006662225
124,RIL226,1,230,0.000222866,0.067305549,0.79028304,1,0.020503677,0.008691776,0.001782928
125,RIL57,1,231,0.208952012,0.539703034,0.948999354,1,0.068216053,0.021949645,0.010974822
126,RIL208,1,232,0.000735114,0.015927469,1,0.961038961,0.049987748,0.044841951,0.013477089
127,RIL169,1,233,0.055574497,0.013808387,0.872826458,1,0.398738493,0.009546539,0.002898057
128,RIL207,1,234,0.000164799,0.000164799,0.315754779,1,0.225115359,0.003625577,0.001153593
129,RIL148,1,235,0.069345074,0.091496973,1,0.540588883,0.121491469,0.000963126,0.000550358
130,RIL9,1,236,0,0,0.491362764,1,0.17344268,0.003664282,0.001919386
131,RIL144,1,237,0.164427238,0.273058529,0.953085857,1,0.130494193,0.036665908,0.018446823
132,RIL114,1,238,0.001332741,0.001332741,0.127054642,1,0.069746779,0.020879609,0.010661928
133,RIL239,1,239,0.386100386,0.023166023,0.67953668,1,0.262548263,0.247104247,0.05019305
134,RIL39,1,24,0,0.149535983,1,0.215548941,0.002976712,0.059709333,0.012081947
135,RIL13,1,240,0,0,0.080536913,1,0.251677852,0.016778523,0.008389262
136,Salinas,2,241,0.596351197,0.604332953,0.714937286,1,0.950969213,0.481185861,0.096351197
137,RIL111,2,242,0.012462398,0.014611087,0.06617963,1,0.087666523,0.008165019,0.002578427
138,RIL113,2,243,0.203221809,0.409231722,1,0.12732342,0.087670384,0.086741016,0.026022305
139,RIL69,2,244,0.102295486,0.304113388,1,0.597442613,0.166384224,0.157294716,0.031582191
140,RIL197,2,246,0.01084278,0.32922622,1,0.653523903,0.008378512,0.002464268,0.000492854
141,RIL102,2,247,0.058989204,0.009388202,0.600844938,1,0.014082303,0.009231732,0.00187764
142,RIL104,2,248,0.004449838,0.134708738,1,0.670105178,0.042273463,0.026092233,0.00788835
143,RIL218,2,249,0.006335054,0.027686532,0.454950727,1,0.113092445,0.062177382,0.012435476
144,RIL108,1,25,0.096061479,0.096701889,0.129042587,0.738392571,1,0.000960615,0.000320205
145,RIL227,2,250,0,0.002352151,1,0.974462366,0.320564516,0.047715054,0.014448925
146,RIL99,2,251,0.021724239,0.429298366,1,0.672374988,0.035717781,0.020354242,0.010177121
147,RIL47,2,252,0,0.103740037,1,0.882280809,0.163458001,0.043163703,0.021581852
148,RIL151,2,253,0.004648668,0.444484177,1,0.226354372,0.017343107,0.002145539,0.000536385
149,RIL3,2,254,0,0.493444577,1,0.50238379,0.002979738,0.005363528,0.001787843
150,RIL85,2,255,0.000455789,0.051959891,1,0.703281677,0.005469462,0,0
151,RIL92,2,256,0.001037344,0.002074689,0.021784232,1,0.02593361,0.014522822,0.007261411
152,RIL39,2,257,0.00248293,0.149844817,1,0.493606456,0.010304159,0.010055866,0.003103662
153,RIL29,2,259,0.049170872,0.202162942,0.48074982,1,0.359048306,0.057245854,0.028695025
154,RIL185,1,26,0.001672241,0.033444816,1,0.972686734,0.163879599,0.127090301,0.063545151
155,RIL184,2,260,0.046526868,0.033420708,0.087155963,1,0.06225426,0.091743119,0.018348624
156,RIL82,2,261,0.097337442,0.41257802,1,0.423639093,0.091174844,0.000948092,0.000474046
157,RIL103,2,262,0.000964586,0.100730329,1,0.427724955,0.032382527,0.042028386,0.021083092
158,RIL13,2,264,0.006666667,0.033333333,0.2,1,0.116666667,0.086666667,0.026666667
159,RIL34,2,266,0,0.000619963,0.37383757,1,0.014259144,0.040917545,0.020458772
160,RIL131,2,267,0.082446809,0.20212766,0.531914894,1,0.150265957,0.078457447,0.039893617
161,RIL221,2,268,0,0,0.503342884,1,0.164278892,0.012416428,0.006367399
162,RIL89,2,269,0.019725045,0.153616258,1,0.46742379,0.08726838,0.000597729,0.000597729
163,RIL44,1,27,1,0.900821226,0.379027164,0.090966519,0.113076437,0.054958939,0.011370815
164,RIL112,2,270,0.000275103,0.014580468,0.225034388,1,0.302888583,0.099037139,0.049518569
165,RIL68,2,271,0.040215326,0.044331856,0.202026599,1,0.031348955,0.002849905,0.000949968
166,RIL52,2,272,0,0.000228728,0.443732845,1,0.642726441,0.04757548,0.014409881
167,RIL17,2,273,0.164912281,0.074853801,1,0.284210526,0.25497076,0.003508772,0.002339181
168,RIL123,2,274,0,0.011574322,0.233308327,1,0.488157754,0.031186368,0.015646769
169,Serriola,2,275,1,0.847695391,0.448897796,0.258517034,0.284569138,0.006012024,0.004008016
170,RIL67,2,276,0,0.013063357,0.369693011,1,0.015022861,0.013063357,0.006531679
171,RIL167,2,278,0.027586207,0.098491379,1,0.917025862,0.592241379,0.010991379,0.005603448
172,RIL215,2,279,0.771276596,1,0.484042553,0.39893617,0.170212766,0.159574468,0.04787234
173,RIL7,1,28,0.015625,0.66125,0.854375,1,0.045625,0.026875,0.01375
174,RIL93,2,280,0.002927781,0.019843852,0.546193884,1,0.133702017,0.026675342,0.013337671
175,RIL28,2,281,0.312260536,1,0.438697318,0.24137931,0.055555556,0.022988506,0.011494253
176,RIL21,2,282,0.030368764,0.006507592,1,0.788503254,0.075921909,0.073752711,0.036876356
177,RIL57,2,283,0.089208633,0.051798561,0.155395683,1,0.031654676,0.010071942,0.005755396
178,RIL74,2,284,0.005706134,0.003328578,0.796481217,1,0.135045174,0.092249168,0.028055159
179,RIL152,2,285,0.110353535,0.089393939,0.863131313,1,0.086616162,0,0
180,RIL8,2,286,0.00120048,0.007442977,0.603601441,1,0.683793517,0.111884754,0.022569028
181,RIL32,2,287,0.119001919,0.145873321,0.52303263,1,0.231285988,0.002879079,0.000959693
182,RIL214,2,288,0,0.001773574,1,0.873485072,0.947383979,0.012119421,0.002660361
183,RIL109,2,289,0.035611511,0.057913669,0.45323741,1,0.131654676,0.000359712,0.000359712
184,RIL56,2,290,0,0.003603604,0.145945946,0.938738739,0.695495495,1,0.500900901
185,RIL201,2,291,0.035643564,0.221782178,1,0.264950495,0.031287129,0.00039604,0.00039604
186,RIL83,2,292,0,0.026074557,0.421267061,1,0.586677531,0.047463842,0.023833775
187,RIL188,2,293,0.086250451,0.208588957,1,0.392638037,0.088776615,0.001443522,0.000721761
188,RIL14,2,294,0.003285871,0.035049288,1,0.357612267,0.222891566,0.339539978,0.169769989
189,RIL116,2,296,0.019506598,0.008032129,0.757888698,1,0.845094664,0.111876076,0.0562249
190,RIL16,2,298,0,0.004546788,0.47975946,1,0.310354943,0.041214432,0.020680551
191,RIL237,2,299,0.030068079,0.006240545,1,0.618948563,0.104954614,0.003971256,0.002080182
192,RIL214,1,3,0.067974453,0.511861314,1,0.990875912,0.58120438,0.177463504,0.088959854
193,RIL122,1,30,0.044186889,0.421224194,1,0.306410721,0.074610648,0.140528794,0.070264397
194,RIL126,2,300,0.005517241,0.04,0.376551724,0.725517241,0.812413793,1,0.500689655
195,RIL50,2,301,0.138339921,0.35741317,1,0.431755109,0.217559499,0.018669582,0.009334791
196,RIL23,2,302,0,0.274549918,1,0.757569558,0.027209493,0.013707038,0.00695581
197,RIL235,2,303,0.049563838,0.083663759,1,0.873513085,0.144329897,0,0
198,RIL150,2,304,0,0.000379939,0.322948328,1,0.218465046,0.000759878,0.000379939
199,RIL95,2,306,0,0.011904762,0.007142857,0.518253968,1,0.001587302,0.000793651
200,RIL88,2,307,0.114249037,0.135643988,0.374839538,1,0.061189559,0.010697475,0.005562687
201,RIL43,2,308,0,0.074509804,1,0.895098039,0.076470588,0.087254902,0.017647059
202,Arm,2,309,0,0.078457447,0.635638298,0.841755319,1,0.400265957,0.02393617
203,RIL125,1,31,0.006893073,0.343140551,1,0.23604573,0.027236046,0.022360457,0.00672495
204,RIL97,2,310,0,0.217222222,1,0.989722222,0.236111111,0.07,0.035
205,RIL225,2,311,0.006596818,0.237485448,1,0.227784245,0.084206442,0.020954598,0.006596818
206,RIL120,2,312,0.002398082,0.025179856,0.378896882,1,0.507194245,0.20383693,0.101918465
207,RIL96,2,313,0.054742803,0.094148183,1,0.905969797,0.225460123,0.021354412,0.00648891
208,RIL119,2,314,0,0.000403226,1,0.491129032,0.329435484,0.035080645,0.017741935
209,RIL64,2,315,0.076484018,0.066210046,1,0.537671233,0.028538813,0.007990868,0.00456621
210,RIL183,2,316,0.001843318,0.000921659,0.675115207,1,0.011059908,0.005069124,0.001843318
211,RIL76,2,317,0.420849421,0.262548263,0.895752896,0.687258687,1,0.540540541,0.27027027
212,RIL115,2,319,0.005108557,0.738186462,1,0.346104725,0.052362708,0.039591315,0.020434227
213,RIL224,1,32,0.039237057,0.521344233,1,0.372933697,0.099909173,0.12297911,0.037057221
214,RIL78,2,320,0.030999466,0.029396045,1,0.599679316,0.07536077,0.149118119,0.044895778
215,RIL158,2,321,0.044596223,0.058256328,1,0.516673363,0.100441945,0.044596223,0.022498996
216,RIL216,2,322,0.006103286,0.000469484,1,0.507511737,0.055868545,0.024413146,0.007511737
217,RIL81,2,323,0.021000894,0.229892761,1,0.458891868,0.281054513,0.008042895,0.004021448
218,RIL90,2,324,0.238410596,1,0.953642384,0.456953642,0.175496689,0.205298013,0.043046358
219,RIL224,2,325,0.139426013,0.615713413,1,0.196010584,0.014451455,0.002849583,0.001017708
220,RIL207,2,326,0.020149496,0.107897303,0.571823204,1,0.14478388,0.019012025,0.005849854
221,RIL2,2,327,0.113475177,1,0.821118991,0.814814815,0.096926714,0.003152088,0.001576044
222,RIL234,2,328,0.005332656,0.110462164,0.577450482,1,0.251396648,0.102844083,0.030980193
223,RIL117,2,329,0.117609089,0.293699974,1,0.6860315,0.123805835,0.005293054,0.002711077
224,RIL164,1,33,0.079375848,0.120759837,1,0.405020353,0.257123474,0.008141113,0.004070556
225,RIL233,2,330,0,0.027157738,1,0.794642857,0.254092262,0.11421131,0.057291667
226,RIL162,2,331,0.073566642,0.102755026,0.83618764,1,0.98615041,0.044080417,0.00893522
227,RIL166,2,332,0,0.004444444,0.148571429,1,0.707936508,0.320634921,0.064126984
228,RIL161,2,333,0.00155642,0.02692607,1,0.623968872,0.218210117,0.001245136,0.000622568
229,RIL173,2,334,0.000237643,0.000237643,0.235028517,0.335551331,1,0.160052281,0.080085551
230,RIL40,2,335,0.017143732,0.043930813,1,0.739170366,0.445890096,0.007347314,0.00153069
231,RIL132,2,336,0,0.000958773,1,0.708053691,0.315436242,0.068072867,0.034036433
232,RIL105,2,337,0.078787879,0.109090909,1,0.884848485,0.303030303,0.033333333,0.018181818
233,RIL86,2,338,0.002327304,0.075954723,1,0.674283296,0.555696604,0.07574315,0.037871575
234,RIL22,2,339,0.036376115,0.136582018,1,0.800045756,0.049416609,0.004804393,0.001601464
235,RIL107,1,34,0.01220972,0.036150347,1,0.862820206,0.624371559,0.141010294,0.04237491
236,RIL231,2,340,0.000513875,0.009249743,1,0.890801644,0.2004111,0.109969168,0.054984584
237,RIL222,2,341,0.025583982,1,0.857619577,0.438264739,0.063403782,0.072302558,0.036707453
238,RIL226,2,342,0.00243546,0.424987823,0.96444228,1,0.009254749,0.023380419,0.007062835
239,RIL58,2,344,0.000731707,0.036585366,0.217560976,1,0.089756098,0.030487805,0.009268293
240,RIL10,2,345,0.030880829,0.340932642,0.399585492,1,0.026735751,0.001243523,0.000621762
241,RIL79,2,346,0.001369461,0.000489093,0.387068375,1,0.769539274,0.111513254,0.022302651
242,RIL136,2,347,0.001226618,0.065010733,1,0.228764183,0.019932536,0,0
243,RIL53,2,348,0,0.000323939,0.888241011,1,0.360220279,0.028182702,0.005830904
244,RIL160,2,349,0.009721608,0.019443217,0.47105612,1,0.004860804,0.000441891,0.000441891
245,RIL93,1,35,0.01528678,0.100892748,1,0.614773144,0.283111165,0.004280298,0.002201296
246,RIL203,2,350,0,0.000891266,0.191622103,1,0.02228164,0,0
247,RIL114,2,351,0.120473996,0.03357472,0.109282423,1,0.037524687,0.007241606,0.001974984
248,RIL130,2,352,0,0.242364253,0.10209276,1,0.055995475,0.041855204,0.020927602
249,RIL133,2,353,0.000737282,0.030965839,1,0.988695011,0.150405505,0.000983043,0.000491521
250,RIL59,2,354,0.009382716,0.247901235,1,0.233580247,0.072592593,0.047407407,0.023703704
251,RIL45,2,355,0.011573436,0.062827225,1,0.456048498,0.038578121,0.002480022,0.00137779
252,RIL213,2,356,0.000788126,0.00525417,0.678838828,1,0.735715224,0.048207014,0.014580323
253,RIL9,2,357,0.0010921,0.001456134,0.134692392,1,0.013833273,0,0
254,RIL121,2,359,0.142330383,1,0.744837758,0.315634218,0.002581121,0.000368732,0.000368732
255,RIL112,1,36,0.000910332,0.001365498,0.02594447,1,0.681383705,0.111060537,0.055530269
256,RIL6,2,360,0,0.02400873,0.713714078,1,0.070207348,0.027282648,0.008366679
257,RIL229,2,361,0.438888889,0.358333333,0.205555556,1,0.005555556,0.011111111,0.002777778
258,RIL91,2,362,0.008426966,0.009831461,0.879213483,1,0.073033708,0.004213483,0.002340824
259,RIL165,2,363,0.019280206,0.003534704,0.041773779,1,0.143637532,0.005462725,0.001928021
260,RIL70,2,364,0.002787068,0.022853958,1,0.47826087,0.244704571,0.047380156,0.023968785
261,RIL41,2,365,0.275757576,0.328671329,1,0.754312354,0.411888112,0.02960373,0.006060606
262,RIL44,2,366,0.339915374,1,0.580629995,0.155148096,0.095909732,0.197461213,0.098730606
263,RIL192,2,367,0.065277352,0.054091327,0.341710083,1,0.059760956,0.017008888,0.00858106
264,RIL33,2,368,0,0.002409639,0.145783133,1,0.055421687,0.097590361,0.030120482
265,RIL24,2,369,0.027385061,0.094177892,0.756206167,1,0.127462986,0.019147278,0.009573639
266,RIL123,1,37,0.043834784,0.028750759,0.392083418,1,0.569548492,0.024195181,0.012148208
267,RIL175,2,370,0,0,1,0.799487508,0.935297886,0.048686739,0.02434337
268,RIL87,2,371,0.006520304,0.343760317,1,0.483740508,0.266011885,0.017167382,0.008583691
269,RIL187,2,372,0,0.055190539,0.437582129,1,0.068331143,0.140604468,0.043363995
270,RIL176,2,373,0.661122145,0.421300894,1,0.43346574,0.974677259,0.300893744,0.090367428
271,RIL129,2,374,0.002467917,0.164363277,1,0.446692991,0.201382034,0.174728529,0.052813425
272,RIL169,2,375,0.0306806,0.009244373,0.360932476,1,0.333333333,0.03965702,0.01982851
273,RIL144,2,376,0.009914624,0.075185899,1,0.977692096,0.433213991,0.19691545,0.03938309
274,RIL210,2,377,0.065308762,0.271742645,0.413029421,1,0.184610411,0.0090527,0.002748141
275,RIL134,2,378,0,0,1,0.865603645,0.316628702,0.298405467,0.149202733
276,RIL107,2,379,0.011748307,0.094683393,0.863799283,1,0.432795699,0.003385106,0.001692553
277,Serriola,1,38,0,0.002232143,0.09375,0.582589286,1,0.636160714,0.319196429
278,RIL37,2,380,0,0,0.527022125,1,0.619876678,0.044250997,0.009067827
279,RIL172,2,381,0.01391162,0.014525368,1,0.526595745,0.009206219,0.016571195,0.008387889
280,RIL206,2,382,0.001096491,0.008497807,1,0.487938596,0.110471491,0.054550439,0.027412281
281,RIL223,2,384,0,0.006602113,0.411971831,0.85431338,1,0.091109155,0.018485915
282,RIL185,2,386,0.001710376,0.015963512,1,0.725199544,0.518244014,0.421322691,0.126567845
283,RIL31,2,388,0.007154213,1,0.86327504,0.828298887,0.126391097,0.272655008,0.13672496
284,RIL211,2,389,0.003281378,0.154224774,1,0.205906481,0.011484824,0,0
285,RIL227,1,39,0.014721627,0.052997859,1,0.581638116,0.14748394,0.000535332,0.000267666
286,RIL94,2,390,0.003367408,0.107035478,1,0.701503307,0.348045701,0.164521948,0.082260974
287,RIL208,2,391,0.016282676,0.019605671,1,0.55228179,0.099579087,0,0
288,RIL174,2,392,0,0.019797624,1,0.501099868,0.068631764,0.015398152,0.00791905
289,RIL100,2,393,0.011135057,0.106321839,0.239583333,1,0.00862069,0.00466954,0.002514368
290,RIL125,2,394,0.000240269,0.028832292,1,0.825324363,0.07760692,0.03219606,0.009851033
291,RIL73,2,395,1,0.65408805,0.474213836,0.485534591,0.58490566,0.233962264,0.070440252
292,RIL20,2,397,0.002333722,0.059509918,0.747569039,1,0.121353559,0.002722676,0.000972384
293,PI,2,399,0.931910946,1,0.695585997,0.526636225,0.082191781,0.00304414,0.00152207
294,RIL203,1,4,0.018199466,0.060907547,0.684299927,1,0.161853919,0.036641592,0.011162339
295,RIL111,1,40,0.000665115,0,0.084802128,1,0.235450615,0.015962754,0.007981377
296,RIL19,2,400,0.010916179,0.021637427,1,0.939961014,0.325925926,0.005263158,0.001754386
297,RIL42,2,401,0.064553314,0.039193084,1,0.914697406,0.037463977,0.013256484,0.002881844
298,RIL66,2,402,0.013299784,0,0.271387491,0.795111431,1,0.128324946,0.0643422
299,RIL219,2,403,0.001784121,0.146297948,1,0.314897413,0.06363366,0.016354445,0.00505501
300,RIL191,2,404,0.000446429,0.125,1,0.923214286,0.339508929,0.018526786,0.009375
301,RIL239,2,405,0.029017857,0.051339286,0.545758929,1,0.107142857,0.072544643,0.036830357
302,RIL148,2,406,0.000655022,0.004585153,1,0.75371179,0.248034934,0.022707424,0.011353712
303,RIL38,2,407,0.10397351,0.588741722,1,0.857615894,0.133112583,0.050993377,0.025827815
304,RIL153,2,409,0.032083717,0.687097516,0.483325667,1,0.239535419,0.015639374,0.007819687
305,RIL101,1,41,0.054327054,0.898716899,0.751569752,1,0.136227136,0.003549004,0.001911002
306,RIL72,2,410,0.001639344,0.000819672,0.086065574,0.492622951,1,0.313934426,0.063114754
307,RIL155,2,411,0.002242991,0.032523364,1,0.880373832,0.194766355,0.008224299,0.002616822
308,RIL140,2,412,0.009194933,0.032693094,0.887617491,1,0.468532897,0.258479771,0.077646097
309,RIL122,2,413,0.008044856,0.536079961,1,0.453193564,0.071184788,0.005363237,0.001218918
310,RIL1,2,414,0,0.903846154,0.895927602,1,0.108597285,0.437782805,0.219457014
311,RIL60,2,415,0.10906298,1,0.837173579,0.393241167,0.634408602,0.050691244,0.015360983
312,RIL127,2,416,0.002408583,0.031092621,1,0.841252463,0.960367856,0.588351215,0.294285089
313,RIL163,2,417,0.066504461,0.222830495,1,0.825425791,0.210462287,0.017437145,0.003649635
314,RIL200,2,418,0.00113701,0.014212621,1,0.91529278,0.055144969,0.272882319,0.054576464
315,RIL61,2,419,0.017309065,0.252498216,1,0.110099929,0.004104211,0.00089222,0.000535332
316,RIL46,1,42,0,0.027809965,0.728852839,1,0.308227115,0.129779838,0.064889919
317,RIL46,2,420,0.00155521,0.011404873,1,0.759979264,0.178330741,0.416277864,0.208398134
318,RIL179,2,421,0.238034731,0.278271919,1,0.192291402,0.14188903,0.042778484,0.021601017
319,RIL157,2,422,0.006009615,0.070612981,0.878605769,1,0.227764423,0.044471154,0.022235577
320,RIL101,2,423,0.011998345,1,0.642738933,0.724658668,0.013653289,0.012412081,0.006206041
321,RIL212,2,424,0.004592968,0.054482103,0.363794742,0.894995249,1,0.220779221,0.11038961
322,RIL71,2,425,0.252669039,0.53202847,1,0.159549229,0.03173191,0,0
323,RIL49,2,426,0.109731877,0.147467726,1,0.949023502,0.2224429,0.076961271,0.023171135
324,RIL230,2,427,0.065427622,0.364762768,1,0.21139317,0.014203687,0.000906618,0.000453309
325,RIL15,2,428,0.005661502,0.068831943,0.93057211,1,0.316150179,0.066150179,0.019964243
326,RIL198,2,429,0.019402985,0.038059701,1,0.487686567,0.115298507,0.032089552,0.009701493
327,RIL238,2,430,0.033519553,0.206703911,0.763500931,1,0.199255121,0.202979516,0.102420857
328,RIL135,2,431,0.023520249,0.045015576,1,0.353271028,0.126012461,0.00576324,0.001869159
329,RIL181,2,433,0.334782609,0.473188406,1,0.767391304,0.104347826,0.033333333,0.010144928
330,RIL142,2,434,0.101726264,0.159062885,1,0.932182491,0.028976572,0.060727497,0.018495684
331,RIL137,2,435,0.034855769,0.02724359,0.195512821,1,0.035657051,0.003205128,0.001201923
332,RIL189,2,436,0.009378256,0.110455019,1,0.484195901,0.104897534,0.021187912,0.006599514
333,RIL178,2,438,0.004863813,0,1,0.464007782,0.902723735,0.03307393,0.016536965
334,RIL196,2,439,0.037037037,0.018962963,1,0.982518519,0.24,0.003555556,0.001777778
335,RIL38,1,44,0,0.315376382,1,0.822333214,0.077417053,0.056368177,0.028184088
336,RIL124,2,440,0.002696456,0,0.145223421,1,0.101694915,0.002311248,0.001155624
337,RIL180,2,441,0.122653317,0.02252816,1,0.454317897,0,0,0
338,RIL194,2,442,0.000787402,0.002362205,0.607086614,1,0.094488189,0.021259843,0.011023622
339,RIL170,2,443,0.017420066,0.693715546,1,0.714884234,0.00463065,0.008599779,0.002646086
340,RIL177,2,445,0.200571021,0.157744468,1,0.113490364,0.019628837,0.001070664,0.000356888
341,RIL149,2,446,0.003371734,0.022759202,1,0.756954201,0.179825794,0.078673785,0.023602135
342,RIL232,2,447,0.043436525,0.043436525,0.478761699,1,0.027117831,0,0
343,RIL236,2,448,0,0.092719353,0.587429994,1,0.00497822,0.006222775,0.001244555
344,RIL142,1,45,0.023182957,0.257518797,0.383458647,1,0.030701754,0.007518797,0.001566416
345,RIL110,2,450,0.027586207,0.0272578,0.630213465,1,0.106075534,0.03908046,0.019704433
346,RIL48,2,451,0.071938776,0.269387755,1,0.455102041,0.113520408,0.036479592,0.018367347
347,RIL143,2,452,0.002808989,0.337078652,0.789325843,1,0.053370787,0.199438202,0.101123596
348,RIL62,2,453,0.012621916,0.007745267,0.874641423,1,0.152897303,0,0
349,RIL80,2,454,0,0.134625191,0.669556349,1,0.271035186,0.17618562,0.088220296
350,RIL5,2,455,0.014315888,0.075803802,1,0.881013847,0.074395682,0.000938747,0.000234687
351,RIL199,2,456,0,0.000570668,0.587787712,1,0.212668823,0.068480122,0.020544037
352,RIL195,2,457,0.037751004,0.277108434,1,0.37188755,0.026506024,0.012048193,0.006425703
353,RIL147,2,458,0.00490381,0.015843078,0.154281403,1,0.039984911,0.47453791,0.095058469
354,RIL164,2,459,0.074566707,0.18057235,1,0.431680774,0.00241838,0.004030633,0.000806127
355,RIL66,1,46,0,0.004275941,0.148517674,0.684435576,1,0.297035348,0.148517674
356,RIL186,2,460,0.002649709,0.046899841,1,0.702702703,0.000529942,0.017753047,0.005564388
357,RIL193,2,461,0.10031348,0.052246604,0.206896552,1,0.039707419,0,0
358,RIL139,2,462,0,0.000769231,0.908461538,0.392307692,1,0.057692308,0.011538462
359,RIL36,2,463,0.072305426,0.105082249,1,0.313896391,0.010680088,0.00343727,0.001104837
360,RIL128,2,464,0.010948905,0,0.976885645,0.899026764,1,0.04622871,0.023114355
361,RIL65,2,465,0.437233134,0.384286934,1,0.181895816,0.232280102,0.007685739,0.002561913
362,RIL145,2,466,0.039539347,0.054894434,0.84452975,1,0.576583493,0.056429942,0.02840691
363,RIL228,2,467,0.511990408,1,0.455635492,0.20263789,0.149880096,0.033573141,0.007194245
364,RIL55,2,468,0.011548178,0.074702274,1,0.945867918,0.041862144,0.036448935,0.018404908
365,RIL215,1,47,0.173773987,1,0.742004264,0.117270789,0.125799574,0.030916844,0.009594883
366,RIL54,2,471,0.155269923,0.311568123,1,0.154241645,0.010796915,0.001542416,0.000514139
367,RIL154,2,472,0.100650132,0.215747652,1,0.340235974,0.176258127,0.129304118,0.026005297
368,RIL204,2,473,0.1981402,0.279685265,1,0.293991416,0.027896996,0.006437768,0.002145923
369,RIL51,2,474,0.000324149,0.002106969,0.408589951,1,0.439546191,0.027066451,0.013614263
370,RIL35,2,475,0.112972836,0.476263011,0.847423204,1,0.040619447,0.007362275,0.003808073
371,RIL138,2,476,0,0.056774194,1,0.527741935,0.176774194,0.088602151,0.044301075
372,RIL7,2,477,0.025366404,1,0.631341601,0.430101466,0.010146561,0.001127396,0.000563698
373,RIL27,2,478,0.003462204,1,0.81881131,0.55914599,0.015579919,0.428736295,0.214656665
374,RIL75,2,479,0.225609756,1,0.524390244,0.457317073,0.067073171,0.423780488,0.12804878
375,RIL233,1,48,0.001440922,0.0129683,1,0.51945245,0.055475504,0.033861671,0.017291066
376,RIL127,1,49,0.294634682,0.579381066,1,0.974546786,0.615638162,0.376579381,0.18833547
377,RIL99,1,5,0.096247351,0.588579978,1,0.469018826,0.02555791,0.002618127,0.0013714
378,RIL76,1,50,0.005944798,0.039915074,0.385562633,0.380467091,0.820806794,1,0.500212314
379,RIL43,1,51,0.059793814,0.853608247,1,0.266666667,0.072852234,0.004810997,0.002061856
380,RIL36,1,52,0.005382775,0.038476874,1,0.205741627,0.127591707,0.302232855,0.090709729
381,RIL143,1,53,0.004615385,0.36,1,0.283076923,0.018461538,0,0
382,RIL130,1,54,0.000227635,0.498065104,0.424539039,1,0.084452538,0.01866606,0.00933303
383,RIL225,1,56,0.103554869,0.415249871,1,0.300360639,0.410613086,0.241112828,0.120556414
384,RIL197,1,57,0.002767017,0.235196458,1,0.172108467,0.011621472,0.001106807,0.000553403
385,RIL103,1,58,0.00705276,0.198291062,1,0.337311813,0.02739726,0.0393327,0.01966635
386,RIL232,1,59,0.020166074,0.013048636,1,0.580862001,0.138790036,0.10359826,0.031237643
387,RIL190,1,6,0.02794497,0.172685583,1,0.495270851,0.154485526,0.117225566,0.035253654
388,RIL88,1,60,0.365217391,0.23826087,1,0.749565217,0.977391304,0.994782609,0.2
389,RIL192,1,61,0.067863067,0.135575328,1,0.781480923,0.075855829,0.021414568,0.006484693
390,RIL96,1,63,0.089348473,0.31359827,1,0.977426331,0.077047851,0.061503109,0.03081914
391,RIL193,1,64,0.037091988,0.332344214,0.838278932,0.729970326,0.529673591,1,0.5
392,RIL129,1,65,0.049839228,0.363076099,1,0.165326902,0.065380493,0.015541265,0.004823151
393,RIL235,1,66,0.001171875,0.0203125,1,0.864453125,0.16015625,0.023828125,0.007421875
394,RIL12,1,67,0.177091183,0.27279578,1,0.233609646,0.081386586,0.01507159,0.007535795
395,RIL136,1,68,0.001778568,0.044908848,1,0.218763895,0.020453535,0.008448199,0.001778568
396,RIL170,1,69,0.011688635,0.390823178,1,0.514672967,0.008082567,0.037677195,0.018900771
397,RIL14,1,7,0.114493412,0.273966379,1,0.230349841,0.044525216,0.003180373,0.001817356
398,RIL146,1,70,0.001970443,0.038423645,1,0.344827586,0.183251232,0.287684729,0.143842365
399,RIL3,1,71,0.029993065,1,0.762656033,0.190880721,0.002253814,0.017163662,0.00520111
400,RIL85,1,72,0,0.090774544,0.89097188,1,0.05525407,0.047360631,0.009866798
401,RIL56,1,73,0.050435414,0.070391872,1,0.507619739,0.060232221,0.022133527,0.011248186
402,RIL133,1,74,0,0.009920088,0.86883439,1,0.237806558,0.015706806,0.007991182
403,RIL189,1,75,0.230694228,0.566107644,1,0.253315133,0.113299532,0.036661466,0.018330733
404,RIL100,1,76,0.026409345,0.224987303,0.457084815,1,0.0063484,0.029964449,0.009141696
405,RIL95,1,77,0.05426765,0.317175975,0.410958904,1,0.356164384,0.018440464,0.009483667
406,RIL10,1,78,0,0.034873583,0.195292066,1,0.012205754,0.046643418,0.023539669
407,RIL155,1,79,0.051737304,0.041237113,0.883352425,1,0.276823215,0.021191294,0.004390989
408,RIL163,1,8,0.014980289,0.023653088,1,0.704336399,0.353745072,0.359001314,0.179500657
409,RIL138,1,80,0,0.180201699,1,0.516454352,0.121549894,0.011146497,0.003450106
410,RIL182,1,81,0.025748165,0.063015246,1,0.663805759,0.065612648,0.09271598,0.046414455
411,Salinas,1,82,0.051698355,0.095278787,1,0.321939756,0.575090793,0.524033326,0.262123478
412,RIL134,1,83,0.014623172,0.01856018,1,0.459505062,0.030933633,0.001687289,0.001124859
413,RIL126,1,85,0.136528029,0.314647378,0.537070524,1,0.182640145,0.000904159,0.000904159
414,RIL221,1,86,0,0.004701142,0.611148422,1,0.352361764,0.265726438,0.079919409
415,RIL162,1,87,0.220348617,0.220538083,1,0.991663509,0.780409246,0.051155741,0.015346722
416,RIL40,1,88,0.000490798,0.012269939,1,0.888343558,0.683680982,0.048834356,0.024539877
417,RIL23,1,90,0,0.126734314,1,0.266514806,0.065645061,0.013874508,0.007040795
418,RIL231,1,91,0.011649295,0.064990803,1,0.252605763,0.07786634,0.001839362,0.000613121
419,RIL15,1,92,0.005071851,0.010707241,0.909270217,1,0.608340378,0.085376162,0.025641026
420,RIL124,1,93,0.028211285,0.022959184,0.552971188,1,0.383703481,0.010804322,0.005402161
421,RIL77,1,94,0,0.004946414,1,0.104699093,0.391591096,0.206100577,0.061830173
422,RIL202,1,95,0.107379,0.632240148,0.418804549,1,0.144538482,0.042449088,0.012827294
423,RIL161,1,96,0.002092846,0.006849315,1,0.949581431,0.246004566,0.011986301,0.00608828
424,RIL72,1,97,0.06121134,0.020618557,0.360824742,1,0.56056701,0,0
425,RIL188,1,10,0.01875,0.03125,0.31875,0.3125,0.8625,1,0.5
426,RIL172,1,100,0.000276625,0.009958506,1,0.302074689,0.022130014,0.03153527,0.006362379
427,RIL206,1,101,0.001907669,0.021747425,1,0.050362457,0.019458222,0.003433804,0.000763068
428,RIL119,1,102,0,0.016431925,1,0.161971831,0.045774648,0.000586854,0.000586854
429,RIL139,1,105,0.065318163,0.210703751,1,0.09270965,0.008849558,0.000421408,0.000421408
430,RIL219,1,112,0.000394011,0.100472813,1,0.256501182,0.024428684,0.142631994,0.028762805
431,RIL61,1,114,0.002057613,0.101234568,1,0.073868313,0.046502058,0.009670782,0.00308642
432,RIL236,1,120,0.008111888,0.169230769,0.700699301,1,0.058181818,0.072167832,0.036083916
433,RIL199,1,134,0.017354877,0.05774985,0.84021544,1,0.533213645,0.080789946,0.040394973
434,RIL90,1,141,1,0.431034483,0.16091954,0.025862069,0,0,0
435,RIL181,1,15,0.025116083,0.006542845,1,0.036302237,0.026593499,0.017306881,0.003588012
436,RIL59,1,155,0.07868191,0.501008742,1,0.121721587,0.00134499,0,0
437,PI,1,177,0.931910946,1,0.073059361,0.129375951,0.00456621,0,0
438,RIL200,1,185,0.007897335,0.010365252,1,0.415597236,0.019249753,0,0
439,RIL26,1,191,0.021293375,0.116719243,1,0.138209779,0.027011041,0,0
440,RIL177,1,20,0,0,1,0.040382572,0.056323061,0.025504782,0.012752391
441,RIL54,1,205,0.015013303,0.225009502,1,0.144811859,0.004561003,0.000950209,0.000380084
442,RIL174,1,214,0.001295337,0.141623489,1,0.108376511,0.016407599,0.007340242,0.00388601
443,RIL65,1,216,0,0.007194245,1,0.121274409,0.031860226,0.063720452,0.031860226
444,RIL60,1,221,0.052964427,1,0.041897233,0.012648221,0.000790514,0.000790514,0.000790514
445,RIL228,1,222,0,0.011083744,1,0.045566502,0.009852217,0.018472906,0.003694581
446,RIL11,1,23,0.00664322,0.023446659,1,0.005861665,0.003907776,0.000781555,0.000390778
447,RIL171,2,245,1,0.076923077,0.846153846,0.211538462,0.076923077,0.057692308,0.038461538
448,RIL205,2,258,0.005181347,0.000740192,0.009622502,1,0.048852702,0.031828275,0.016284234
449,RIL217,2,263,0.005243609,0.051125191,1,0.203408346,0.027091982,0.027528949,0.008302381
450,RIL30,2,265,0.004085422,0.002414113,0.428412256,1,0.262024141,0.028783658,0.008727948
451,RIL4,2,277,0.979466119,1,0.397672827,0.093771389,0.087611225,0.019849418,0.01026694
452,RIL53,1,29,0.01131333,0.035415642,1,0.306935563,0.006394491,0.000491884,0.000491884
453,RIL156,2,295,0.015719468,0.136033857,1,0.180773881,0.052599758,0.00120919,0.000604595
454,RIL26,2,297,0.021425132,0.053683197,1,0.166104959,0.007221955,0,0
455,RIL168,2,305,0.027836179,0.093179716,0.336304768,1,0.063241107,0.002186528,0.000672778
456,RIL159,2,318,0.026822558,0.049518569,1,0.263411279,0.026134801,0.043328748,0.0130674
457,RIL141,2,343,0.001657001,0.233637117,1,0.282104391,0.0008285,0.004556752,0.002485501
458,RIL77,2,358,0.002914036,0.004856727,1,0.001942691,0.33997086,0.016027198,0.004856727
459,RIL118,2,383,0.003671971,0.011627907,1,0.206038352,0.015503876,0.033455732,0.010199918
460,RIL11,2,385,0.000346021,0.031487889,1,0.048096886,0.00899654,0.002422145,0.001384083
461,RIL190,2,387,0.947368421,1,0.611336032,0.064777328,0,0.008097166,0.004048583
462,RIL220,2,396,0.015001339,0.066434503,0.04045004,0.370747388,1,0.120546477,0.036163943
463,RIL202,2,398,0,0.096613546,0.062250996,1,0.019920319,0.019920319,0.003984064
464,RIL18,2,408,0.002610398,0.011746791,0.871437894,0.542310202,1,0.253426147,0.050685229
465,RIL195,1,43,0.025055928,0.331096197,1,0.229977629,0.022818792,0.010738255,0.002237136
466,RIL182,2,432,0.0196351,0.028323197,0.733449175,1,0.346133797,0.149782798,0.074891399
467,RIL108,2,437,0.025485437,0.024676375,0.011731392,0.839401294,1,0.020631068,0.006472492
468,RIL146,2,444,0,0.004638834,1,0.079522863,0.001325381,0.007952286,0.003976143
469,RIL98,2,449,0.004574812,0.005651238,0.260764263,1,0.023412271,0.015069968,0.007534984
470,RIL84,2,469,0.097271649,0.421115065,1,0.093001186,0.034400949,0.013523132,0.00688019
471,RIL25,2,470,0.003739094,0.014125467,0.087660989,0.250519319,1,0.051100956,0.025758205
472,RIL48,1,55,0.045594038,0.118588338,1,0.106313021,0.045594038,0.013371328,0.00416484
473,RIL84,1,62,0.001515917,0.195048004,1,0.14249621,0.006316321,0.013390601,0.004042446
474,RIL91,1,84,0.000314961,0.003937008,1,0.620314961,0.143149606,0.02519685,0.00503937
475,RIL183,1,89,0.024809533,0.074037898,1,0.690759914,0.08361008,0.051767923,0.015628052
476,RIL230,1,9,0.25136884,0.174464908,1,0.028621205,0.028870085,0.054504729,0.010950722
477,RIL237,1,98,0.001324065,0.002979146,0.926845415,1,0.537901357,0.016550811,0.003310162
478,RIL17,1,99,0.017421603,0.090592334,1,0.092334495,0.019163763,0.003484321,0.00174216